제목,유형,중요도,작성일시,첨부
0.0.0.0 & ::/0,ETC,⭐️⭐️⭐️,2022년 8월 10일 오후 5:30,
SSO(싱글사인온),Must Have,⭐️⭐️⭐️⭐️,2022년 8월 10일 오전 11:30,
Micro Service,Knowledge,⭐️⭐️,2022년 8월 10일 오전 9:52,
Sharding,Must Have,⭐️⭐️⭐️⭐️⭐️,2022년 8월 8일 오후 4:33,
Middle Ware,Knowledge,⭐️⭐️⭐️,2022년 8월 8일 오후 4:12,
이중쓰기 버퍼,Knowledge,⭐️⭐️⭐️,2022년 8월 5일 오전 10:55,
데이터 딕셔너리,Knowledge,⭐️⭐️⭐️,2022년 8월 5일 오전 10:49,
캐시와 버퍼의 차이,Knowledge,⭐️⭐️,2022년 8월 5일 오전 10:04,
3항 연산자,Develope,⭐️⭐️⭐️⭐️⭐️,2022년 8월 3일 오전 9:29,
Lamda 표현식,Develope,⭐️⭐️⭐️,2022년 8월 2일 오후 3:16,